name,email,address,phone,company
Alan Joseph,neque@mus.com,Ap #782-3403 Amet Rd.,16120828 6987,Ornare In Associates
Wang Holden,sapien.Cras.dolor@amet.net,246-2445 Eu St.,16690726 7519,Id Libero Donec LLC
Lucius Orr,Donec.nibh.Quisque@aliquam.com,"P.O. Box 946, 1400 Non, St.",16550722 3971,Ornare Libero Industries
Imani Montgomery,elit@rutrumnonhendrerit.ca,"P.O. Box 255, 8347 Odio, Road",16021223 5865,Et Libero Limited
Thane V. Campos,sagittis.Duis@velitPellentesqueultricies.co.uk,Ap #775-9847 Consectetuer Av.,16480730 0563,Consectetuer Limited
Ryder C. Ferguson,urna.Ut.tincidunt@necdiamDuis.edu,"P.O. Box 336, 3559 Donec Road",16560422 3569,Massa Institute
Tatyana Martin,Pellentesque.ultricies@Integer.com,664-9138 Nulla Avenue,16440312 6289,Ullamcorper Company
Keefe Anderson,interdum.Sed@viverra.edu,Ap #102-2274 Et St.,16231021 8298,Fusce Aliquam Enim Company
Blair Wheeler,risus@arcu.co.uk,"P.O. Box 391, 4009 Mauris St.",16660116 6181,Dui Nec LLP
Rashad Y. Porter,ligula.Aliquam.erat@lacusvarius.co.uk,Ap #333-8521 Aenean Road,16590822 4347,Dis Foundation
Mohammad Dawson,condimentum.Donec@Donecnibh.com,"311-7831 Lorem, Rd.",16351112 4079,Ornare Fusce Mollis Corporation
Reed Stewart,consectetuer@aliquetsem.org,823-3940 Aenean Ave,16760602 9390,Eget Mollis LLC
Jorden V. Livingston,sem@dictumeueleifend.org,9489 Metus. Road,16920524 3802,Dictum Eleifend Incorporated
Isadora Mcmahon,rhoncus.Donec@et.com,Ap #929-5112 Libero. Street,16530717 9464,Malesuada Corp.
Henry K. Ray,Morbi.metus.Vivamus@id.net,223-8215 Nunc Road,16190511 8020,Mi Eleifend Egestas Industries
Xenos S. Caldwell,turpis@magnaetipsum.com,"1066 Convallis, St.",16710719 4917,Nec Ante Blandit Ltd
Walter M. Mclaughlin,pharetra.nibh@molestiearcu.edu,Ap #665-8687 Cursus St.,16170816 3892,Duis At Lacus Industries
Jillian R. Perry,nonummy@Nunclectus.com,"P.O. Box 258, 417 Vestibulum Rd.",16730719 4550,Eget Associates
Burke B. Britt,Vestibulum.ante.ipsum@feugiatmetus.com,Ap #931-2725 Sodales St.,16600801 4752,Maecenas Libero Est Consulting
Tobias B. Harper,sit.amet.consectetuer@ultrices.ca,377-5152 Sociosqu St.,16840719 7113,Facilisis Institute
Regan P. Pruitt,Curae@cursusdiam.ca,929-9793 Erat Ave,16840119 2987,Habitant Corp.
Haviva Y. Odonnell,euismod.enim.Etiam@facilisisfacilisis.ca,"P.O. Box 889, 9615 Volutpat Road",16460630 2596,Per Corporation
Mechelle Price,luctus.lobortis@Maurisblanditenim.co.uk,"Ap #557-8955 Aliquet, St.",16680520 9233,Sed Est Nunc Industries
Merritt M. Cummings,Sed.eget@Morbiquisurna.ca,946-8544 Aliquam Rd.,16720812 8137,Scelerisque Neque Sed PC
Dustin Ellis,Pellentesque.habitant@Nullasempertellus.org,"4736 Sed, St.",16730716 2391,Amet Lorem Semper Foundation
Yen U. Hendricks,penatibus.et@eliteratvitae.org,"P.O. Box 181, 1737 Ornare Av.",16070413 3461,Donec Dignissim Magna Corporation
Kibo Madden,Integer.vitae.nibh@hendrerit.ca,8409 Cras Avenue,16240111 3689,Nulla In Institute
Mannix Craft,dapibus.quam@nullavulputatedui.ca,"P.O. Box 146, 9132 Neque Road",16931025 7598,Sed Pede Cum LLC
Mona J. Fitzpatrick,tempor@felisadipiscing.edu,"P.O. Box 172, 2859 Dolor. Rd.",16340719 4665,A Mi Fringilla Industries
Seth B. Howell,iaculis@augue.co.uk,Ap #645-4963 Aenean Av.,16781022 7350,Fames Ac Turpis Incorporated
Jason Copeland,ligula@pedeet.ca,"P.O. Box 452, 515 Enim St.",16341015 1900,Facilisis Magna Tellus Associates
Ina I. Ward,Aliquam.nisl.Nulla@Donecsollicitudin.edu,295-7551 Eget Avenue,16500527 7107,Ac Arcu LLC
Hedy L. Austin,Cum.sociis.natoque@nec.ca,Ap #306-3866 Etiam St.,16460310 8640,Risus Associates
Lawrence S. Cardenas,nibh.enim.gravida@pedeacurna.com,2038 Nunc St.,16310301 9026,Ut Nulla Cras Foundation
Rhonda Peters,magnis@Morbinonsapien.org,"P.O. Box 121, 889 Consectetuer Av.",16020419 1001,Lacus Corporation
Shoshana L. Emerson,elementum.sem@ac.ca,"1133 Vulputate, Av.",16801111 4017,Velit Corporation
Warren Stephens,dignissim.pharetra.Nam@dolor.co.uk,271-8781 Sem Rd.,16640122 5054,Interdum Curabitur Dictum Inc.
Anika Hutchinson,bibendum@SuspendissesagittisNullam.org,Ap #346-3607 Proin Av.,16390713 7172,Arcu LLP
Tad V. Sweeney,Proin.vel@feugiat.net,"P.O. Box 966, 7892 Et Avenue",16820230 3114,Suscipit Incorporated
Charles Farmer,dui.Cras@commodoauctorvelit.org,Ap #727-4140 Facilisi. Av.,16010727 2601,Morbi Neque PC
Zephr J. Pearson,lobortis.augue@diam.edu,"P.O. Box 547, 4581 Tincidunt Rd.",16860606 9741,Dapibus Ligula Aliquam Consulting
Vincent Mcmillan,odio.vel@auctorMauris.co.uk,706-8453 Et Rd.,16340726 8063,Feugiat Metus Inc.
Nash L. Tran,lorem.auctor.quis@Proinmi.com,"P.O. Box 974, 3233 Tempor St.",16910710 8509,Ipsum Dolor Sit Industries
Sasha G. Wright,magna.a@velit.net,808-8407 Praesent Rd.,16820515 6949,Non Vestibulum Nec Foundation
Dahlia D. Lee,purus.mauris.a@ipsumportaelit.net,Ap #564-2429 Aliquam St.,16420618 5987,Tempus Risus Company
Lewis V. Ward,erat.eget@massa.ca,"P.O. Box 531, 1263 Amet, Street",16400328 0601,Mauris Ltd
Chastity V. Sampson,odio.tristique@quistristiqueac.edu,"P.O. Box 966, 3381 Libero Avenue",16080428 1095,Scelerisque Inc.
Steven Valentine,lacinia@utpharetrased.org,8493 Dapibus Av.,16910418 3976,Sem Consequat Corporation
Lilah Shields,Quisque.nonummy.ipsum@vestibulumnequesed.edu,"687 Orci, St.",16970827 1730,Sit Amet Consulting
Emery Blake,pharetra.Nam.ac@dapibusquamquis.org,"P.O. Box 271, 9971 Etiam Ave",16490423 0846,Semper Foundation
Althea H. Floyd,Integer.sem@fringillaeuismodenim.ca,"P.O. Box 164, 1635 Parturient Avenue",16520404 6956,Purus Nullam Scelerisque Industries
Zia Hall,sapien@tristiquepharetra.com,"P.O. Box 965, 3573 Lorem Ave",16370429 9209,Hymenaeos PC
Christopher Ware,eu@vellectusCum.ca,Ap #446-788 Orci. Ave,16920627 9797,Lorem Fringilla Ornare Limited
Henry E. Brewer,mattis.velit@metusvitae.org,392-559 Fringilla Av.,16030318 2638,Sed Limited
Hope I. Bean,Donec.est.mauris@eleifendnunc.org,"8918 Id, Ave",16970828 9625,Odio Tristique Pharetra Limited
Jeremy Foster,erat.eget@Vestibulumaccumsan.net,178-9460 Malesuada Road,16890124 0146,Ac Corp.
Giselle B. Olson,aliquam.iaculis@felis.ca,"P.O. Box 622, 4040 Proin Rd.",16991105 8775,Enim Associates
Caleb M. Haley,felis.ullamcorper.viverra@mauris.ca,305 Et St.,16020420 1057,Adipiscing Fringilla Porttitor Consulting
Aiko Q. Mcmillan,pellentesque.massa@semut.edu,7225 Dui Avenue,16770706 1508,Sed Est Nunc Consulting
Brennan Fletcher,metus.Vivamus.euismod@facilisiseget.edu,Ap #467-3414 Elit Avenue,16711226 3806,Tempus Lorem Corp.
Fatima Z. Roth,a@rutrum.net,"P.O. Box 847, 7348 Duis Ave",16810606 5710,Et Associates
Brandon U. Hoover,ut@consectetueradipiscingelit.ca,"P.O. Box 817, 8069 Venenatis Street",16351020 9277,Vel Foundation
Emerson A. Barnes,Phasellus.vitae.mauris@necquamCurabitur.com,3710 Purus Av.,16970708 3854,Dui Corporation
Janna X. Hines,Donec@egestasAliquamfringilla.org,"Ap #835-4263 In, Avenue",16980807 5098,Placerat Eget Limited
Kelsey Tillman,neque@SuspendisseduiFusce.org,4931 Varius Av.,16131230 7125,Non Lorem Vitae Company
Malik Delgado,pede@Donecnon.ca,"P.O. Box 727, 2399 Vitae, St.",16490524 5157,Lacus Quisque Foundation
Caryn Frazier,Donec.elementum@a.org,489-6965 Ultrices Rd.,16110411 0182,Non PC
Xander K. Cooper,nisi.Mauris.nulla@enim.edu,"P.O. Box 983, 7451 Volutpat Av.",16620810 9758,Consequat Corporation
Beck A. Byers,euismod.mauris@sodales.ca,581-9783 Dignissim Av.,16380711 4727,Scelerisque Dui Suspendisse Inc.
Dieter Golden,In.ornare@egestaslacinia.ca,717-956 Quis Road,16050927 3165,Tellus Eu Augue Associates
Olga X. Mcdowell,hendrerit.neque@dictummagnaUt.net,"P.O. Box 927, 6041 Ligula. Road",16460116 8620,Vel Incorporated
Baxter French,Integer.vulputate@Proin.co.uk,"Ap #513-6173 A, Rd.",16981211 5187,Lorem Sit PC
Amir I. Prince,ac.turpis.egestas@ligula.org,6617 Sollicitudin Avenue,16570623 5412,Vulputate Mauris LLP
Cruz O. Mejia,est@urna.net,"P.O. Box 387, 6392 Nunc Av.",16720721 4912,Ultrices A Auctor Company
Linus Conner,sed.libero@ametornarelectus.edu,"P.O. Box 983, 7032 Cras St.",16460929 9955,Vitae Aliquet Nec Ltd
Justin Vaughn,vitae@arcu.edu,8896 Nisi. Ave,16821012 7174,Eu Odio Phasellus Limited
Quinn Peterson,auctor.non@quispede.net,"274-8545 At, Street",16080106 6812,Eleifend Cras Sed Incorporated
Rae Rivers,odio.tristique@Donecconsectetuer.org,"Ap #944-1709 Elit, Rd.",16970907 6310,Magna Associates
Chloe U. Avila,sed@nequetellus.ca,"Ap #782-8337 Eu, Rd.",16360625 9954,Donec Nibh Ltd
Stella Owen,ultricies.ornare@euultrices.ca,2360 Ac Ave,16681019 5526,Lacus Cras Interdum Institute
Tatum X. Berry,tortor.at.risus@semelitpharetra.org,"P.O. Box 365, 4669 Magna. St.",16390527 3151,Dignissim Pharetra Nam LLP
Basil R. Mathews,In.condimentum.Donec@molestiepharetra.com,Ap #589-5053 Mi. Rd.,16890328 3995,Risus Varius Foundation
Galena Walker,arcu.Vestibulum.ante@nuncullamcorper.co.uk,"P.O. Box 607, 9829 Donec Av.",16670201 9040,Risus Morbi Associates
Gretchen O. Morales,eleifend.egestas@interdumCurabiturdictum.edu,Ap #393-218 Mauris Rd.,16931116 8489,Lobortis Ultrices Vivamus LLC
Tyrone N. Cardenas,accumsan@nislQuisque.co.uk,957-4276 Conubia Av.,16120401 8640,Posuere LLC
Hunter Middleton,quis.massa.Mauris@pharetraQuisqueac.edu,"P.O. Box 678, 8940 Urna Rd.",16930616 5607,Pellentesque Ut Ipsum Limited
Blair Allen,tellus.eu.augue@Nullamscelerisqueneque.com,441-3405 Et Street,16030526 4848,Risus Nunc Ac Incorporated
Cadman Summers,malesuada.vel.convallis@venenatislacusEtiam.ca,"Ap #264-5053 Sed, Rd.",16750526 6945,Integer LLP
Uma Savage,vehicula.Pellentesque@Sedmolestie.org,261-754 Purus. Avenue,16470524 4186,Ultrices Iaculis Odio Limited
Mara Gardner,bibendum.ullamcorper@Sed.edu,"P.O. Box 547, 615 Lacus. St.",16580922 7035,Vulputate Dui PC
Heather Tyson,libero.Proin.mi@dolorQuisque.edu,2210 Urna. Avenue,16520103 1043,Lacus Varius Et Associates
Hu Britt,Nulla.facilisi@Crasdolor.net,"P.O. Box 363, 2964 Lectus. Ave",16490227 8201,Euismod Industries
Francis Haynes,felis.adipiscing@fringillaornare.com,"1977 Lorem, Av.",16730712 3872,Lacus Mauris Non LLP
Mannix P. Morrow,pede.ultrices@ornareegestas.com,"P.O. Box 241, 1204 Lacus. St.",16090620 6941,Nam Ligula Elit Associates
Caleb Doyle,at.nisi.Cum@vitaesemperegestas.co.uk,Ap #162-5312 Non Rd.,16620625 5280,Est Tempor Company
Christine Underwood,dignissim@loremsemper.net,"P.O. Box 691, 6094 Quisque Av.",16700825 2624,In Consulting
Kirestin G. Solomon,at.auctor.ullamcorper@utmolestie.net,700-1112 Pharetra St.,16580704 1263,Turpis Non Enim PC
Phelan J. Hebert,interdum@sitametorci.co.uk,"P.O. Box 992, 4586 Laoreet Ave",16550205 4553,Et Magnis Institute
Todd Gibson,luctus@Integervitae.ca,Ap #635-1380 Magna. Ave,16320328 8885,Vehicula LLP
Oprah E. Carlson,magna.a@indolor.ca,7564 Adipiscing Road,16181006 4970,Lorem Tristique Aliquet Foundation